"X","Temp.treatment","Temp.value","Replicate","Num.nondisp","Num.disp"
1,"low",20,1,1872,3
2,"low",20,2,1481,4
3,"low",20,3,1595,0
4,"low",20,4,3398,0
5,"low",20,5,2032,5
6,"opt",36,1,2880,11
7,"opt",36,2,2784,11
8,"opt",36,3,3004,8
9,"opt",36,4,2620,0
10,"opt",36,5,2727,28
11,"high",38,1,3226,6
12,"high",38,2,3739,4
13,"high",38,3,2822,18
14,"high",38,4,2621,6
15,"high",38,5,3052,17
